Level 1,Level 2,Level 3,Level 4
Installation and Setup,System Requirements,,
Installation and Setup,Installation Procedures,,
Installation and Setup,Configuration Management,,
Installation and Setup,Database Setup,,
Installation and Setup,Service Configuration,Redis,
Installation and Setup,Service Configuration,MySQL,
Architecture and Infrastructure,Enterprise Reference Architecture,,
Architecture and Infrastructure,Cloud Deployment,,
Architecture and Infrastructure,Integration Patterns,,
Architecture and Infrastructure,Scalability Considerations,,
Architecture and Infrastructure,Performance Optimization,,
Security and Compliance,Shared Responsibility Model,,
Security and Compliance,Privacy Management,,
Security and Compliance,Content Security Policy,,
Security and Compliance,Security Best Practices,,
Security and Compliance,Incident Response,,
Implementation Best Practices,Planning Phase,Catalog Management,
Implementation Best Practices,Planning Phase,Store Configuration,
Implementation Best Practices,Planning Phase,Database Configuration,
Implementation Best Practices,Planning Phase,Service Configuration,
Implementation Best Practices,Planning Phase,Extension Management,
Implementation Best Practices,Development Phase,Code Management,
Implementation Best Practices,Development Phase,Debugging,
Implementation Best Practices,Development Phase,Performance Optimization,
Implementation Best Practices,Development Phase,Image Handling,
Implementation Best Practices,Development Phase,Core Code Modifications,
Implementation Best Practices,Launch Phase,SEO Configuration,
Implementation Best Practices,Launch Phase,Security Implementation,
Implementation Best Practices,Launch Phase,Infrastructure Setup,
Implementation Best Practices,Maintenance Phase,Performance Monitoring,
Implementation Best Practices,Maintenance Phase,Update Management,
Implementation Best Practices,Maintenance Phase,Security Patching,
Implementation Best Practices,Maintenance Phase,Database Optimization,
Implementation Best Practices,Maintenance Phase,Order Processing,
Performance and Optimization,Frontend Performance,,
Performance and Optimization,Backend Performance,,
Performance and Optimization,Database Performance,,
Performance and Optimization,Caching Strategies,,
Performance and Optimization,Image Optimization,,
Maintenance and Support,Adobe Managed Services,,
Maintenance and Support,Upgrade Procedures,,
Maintenance and Support,Patching Strategies,,
Maintenance and Support,Post-Launch Support,,
Maintenance and Support,Performance Monitoring,,
Tools and References,CLI Tools,,
Tools and References,System Requirements,,
Tools and References,Product Availability,,
Tools and References,Debugging Tools,,
Tools and References,Performance Testing,,
Release and Updates,Version Management,,
Release and Updates,Product Availability,,
Release and Updates,Update Procedures,,
Release and Updates,Compatibility Information,,
Configuration and Management,Store Management,,
Configuration and Management,Catalog Configuration,,
Configuration and Management,Payment Processing,,
Configuration and Management,Reporting,,
Configuration and Management,Service Integration,,
Development Resources,Code Review Guidelines,,
Development Resources,Git Branching Strategy,,
Development Resources,Exception Handling,,
Development Resources,Testing Procedures,,
Development Resources,Troubleshooting Guides,, 